mp-752648,2.2934
mp-555428,2.1063
mp-763507,1.3676
mp-560263,4.0058
mp-23674,4.6251
mp-754073,3.1052
mp-22189,1.7398
mp-554037,2.1171
mp-866313,3.5039
mp-705333,2.7338
mp-3502,3.381
mp-557183,1.7792
mp-5525,4.0037
mp-18935,2.7874
mp-37473,1.832
mp-13725,5.8384
mp-30224,5.6026
mp-504748,3.4109
mp-505130,4.1796
mp-558478,1.433
mp-24645,3.7326
mp-557470,4.3549
mp-757192,3.9374
mp-755213,4.1309
mp-769778,1.3036
mp-772421,2.033
mp-776873,1.7746
mp-755835,3.265
mp-18049,3.5841
mp-17187,4.9348
mp-777814,1.3577
mp-558548,3.2938
mp-19996,2.6516
mp-559379,3.1656
mp-770219,2.6584
mp-557577,3.6378
mp-24366,4.8902
mp-540707,2.6097
mp-600027,5.5226
mp-743614,2.6406
mp-771580,0.9053
mp-675797,0.6033
mp-555150,3.6292
mp-770678,2.438
mp-756050,1.5961
mp-686015,2.7947
mp-9757,2.7367
mp-745107,1.1022
mp-14155,5.4553
mp-771698,4.5704
mp-560247,4.7982
mp-849377,0.8951
mp-773505,0.7091
mp-756142,2.4279
mp-560333,1.0536
mp-531661,1.172
mp-557696,4.9228
mp-764514,1.5879
mp-696497,5.2315
mp-677733,2.8999
mp-757884,2.5125
mp-557109,3.725
mp-13039,4.0346
mp-776404,3.4629
mp-3612,2.3945
mp-13676,1.0928
mp-764652,1.2226
mp-754341,3.1408
mp-707767,2.3097
mp-549720,0.8429
mp-626412,2.7719
mp-777047,4.6352
mp-764428,0.5893
mp-1019593,1.2295
mp-6625,1.3669
mp-554887,1.9426
mp-775336,0.8046
mp-744930,4.329
mp-29332,0.5213
mp-763427,1.5601
mp-768950,2.5935
mp-23958,5.368
mp-31600,0.8739
mp-849482,0.2015
mp-770472,4.5874
mp-769578,0.2295
mp-29276,4.2535
mp-642792,3.023
mp-690435,0.8212
mp-28121,1.6976
mp-720222,3.7823
mp-6194,2.1084
mp-28005,4.599
mp-6494,4.3534
mp-680183,2.1236
mp-23645,4.1775
mp-530852,2.3731
mp-771060,3.9743
mp-27250,3.4198
mp-29791,1.0922
mp-760461,4.2866
mp-19965,2.0106
mp-555005,4.8126
mp-770588,4.2371
mp-778949,1.1139
mp-7339,4.5394
mp-561095,4.1635
mp-555769,2.8091
mp-556531,5.5859
mp-17468,4.7098
mp-552806,3.1967
mp-707811,5.7763
mp-755634,1.5137
mp-764796,1.7711
mp-24359,4.1423
mp-755128,1.751
mp-775699,1.1415
mp-19096,1.5442
mp-530316,2.5179
mp-777476,1.9998
mp-6361,3.3705
mp-1019784,3.2164
mp-773463,1.2123
mp-773444,2.3872
mp-28670,2.1057
mp-540146,1.0758
mp-755374,2.5953
mp-743645,3.8189
mp-775027,0.6456
mp-18229,3.4823
mp-775432,1.192
mp-17101,3.6249
mp-542453,2.3831
mp-17888,5.4254
mp-6040,5.5003
mp-4900,2.2291
mp-28592,4.2881
mp-30940,1.7273
mp-557227,4.2914
mp-776757,2.5927
mp-756323,1.2789
mp-779902,0.8774
mp-23991,5.4368
mp-14873,1.8861
mp-776004,1.2224
mp-3540,3.1452
mp-19228,1.993
mp-771005,2.6285
mp-768821,2.9226
mp-552454,0.766
mp-772991,0.3796
mp-754501,1.53
mp-775110,1.7305
mp-14389,5.2445
mp-770521,1.081
mp-14323,3.3859
mp-775962,0.3826
mp-530449,3.6298
mp-542100,3.8178
mp-677233,2.9383
mp-768216,3.7583
mp-30298,3.8788
mp-14324,2.912
mp-556578,3.2428
mp-740731,4.6404
mp-760170,1.9994
mp-743528,3.2644
mp-3120,0.0025
mp-556400,2.0494
mp-774389,0.3188
mp-558504,3.7606
mp-30906,4.1241
mp-19345,1.2369
mp-849776,3.485
mp-18662,5.0285
mp-780320,0.6192
mp-773454,1.4066
mp-773113,1.9294
mp-769383,3.4048
mp-771082,1.7176
mp-770400,1.6721
mp-779522,5.5593
mp-770382,1.0554
mp-19178,1.3591
mp-765172,1.055
mp-759767,0.6401
mp-707710,2.267
mp-764799,1.7629
mp-757156,2.8195
mp-769734,1.5712
mp-625654,2.0789
mp-560555,0.9739
mp-707095,5.4776
mp-11585,4.2086
mp-7232,2.0923
mp-30241,3.8709
mp-779313,0.3998
mp-777392,1.5356
mp-560898,3.3742
mp-24348,5.0037
mp-770653,2.6749
mp-627632,5.1536
mp-12640,2.8597
mp-600038,5.4996
mp-7560,5.3996
mp-6030,5.3234
mp-20402,1.9343
mp-20079,0.9343
mp-676300,2.0596
mp-863408,3.0344
mp-39684,2.3317
mp-755515,2.9825
mp-753668,3.4808
mp-707734,3.1718
mp-554591,4.7367
mp-669367,5.5165
mp-744439,1.7108
mp-639714,2.3548
mp-16947,3.185
mp-558358,5.8194
mp-40204,3.3652
mp-556661,4.8086
mp-764510,0.5747
mp-555344,4.9365
mp-971678,2.2543
mp-561058,4.0408
mp-5884,5.9444
mp-753548,2.1782
mp-775763,3.0263
mp-24488,4.3568
mp-560105,3.7626
mp-769599,0.7198
mp-555746,1.2465
mp-772842,2.8031
mp-558240,5.4555
mp-3564,3.8719
mp-18002,3.9144
mp-541026,3.4089
mp-767668,1.6542
mp-546757,3.9144
mp-849542,0.5899
mp-554094,5.7587
mp-23667,5.237
mp-754226,3.3403
mp-4482,2.6801
mp-722865,3.6591
mp-553374,2.5754
mp-29892,0.9891
mp-4426,2.4751
mp-720835,4.4617
mp-768765,3.1496
mp-721426,5.114
mp-31369,2.874
mp-12187,4.4103
mp-556797,3.8608
mp-773164,0.9836
mp-19377,1.6121
mp-643033,4.8117
mp-770889,3.2259
mp-754225,2.3002
mp-22984,1.1851
mp-9212,3.8149
mp-644277,1.0848
mp-27698,1.9619
mp-771385,3.2836
mp-698527,3.1956
mp-770894,2.2453
mp-771699,0.9844
mp-767530,3.666
mp-505288,5.0439
mp-972216,3.6284
mp-29690,2.752
mp-558294,4.5167
mp-4180,4.6781
mp-21496,0.8124
mp-773511,1.1467
mp-626865,2.4402
mp-643154,2.0469
mp-9749,5.3153
mp-560633,3.959
mp-775284,1.5351
mp-18576,0.6691
mp-755357,3.7721
mp-764977,2.4876
mp-768150,2.5211
mp-694534,1.5169
mp-13744,2.7414
mp-850951,2.1412
mp-560560,2.5768
mp-36915,1.4666
mp-759737,1.6194
mp-775992,0.587
mp-559951,2.4005
mp-554463,3.9469
mp-27556,3.319
mp-15492,3.2269
mp-626225,3.6629
mp-780493,2.1382
mp-626293,3.2139
mp-706447,3.6824
mp-560240,2.5161
mp-555462,5.0657
mp-4541,0.6434
mp-770873,2.8669
mp-4006,5.9256
mp-684028,3.7498
mp-770854,1.0328
mp-23837,4.3603
mp-764547,1.6303
mp-542222,5.3743
mp-754217,3.6664
mp-555884,0.3935
mp-770726,2.3286
mp-19103,3.1902
mp-976726,4.574
mp-778755,3.2593
mp-771364,1.9426
mp-6521,2.2831
mp-40886,5.5306
mp-1019781,4.3431
mp-19033,1.5648
mp-7238,4.7415
mp-763192,1.6803
mp-8198,1.5324
mp-540204,0.5155
mp-583454,2.3591
mp-505562,1.8698
mp-6054,3.3812
mp-560129,3.7934
mp-23797,5.3129
mp-554155,2.9667
mp-744801,2.676
mp-554722,3.6846
mp-768231,4.2186
mp-771774,3.0974
mp-4559,4.4395
mp-504871,0.7902
mp-776509,1.9042
mp-18433,3.6146
mp-27256,4.2577
mp-773605,2.6021
mp-770619,1.2342
mp-867943,2.6315
mp-1019518,4.8767
mp-763832,3.7343
mp-17651,2.3187
mp-553924,0.6942
mp-643898,5.7133
mp-777892,0.546
mp-676333,1.5737
mp-26630,2.7356
mp-556639,3.5081
mp-744764,3.2105
mp-554259,3.003
mp-850401,2.341
mp-772412,4.7722
mp-767775,1.0358
mp-758925,2.9933
mp-760489,5.0698
mp-764525,1.3629
mp-689964,0.3544
mp-554430,0.0633
mp-555482,5.8343
mp-23086,4.359
mp-755013,3.72
mp-779974,2.1572
mp-6892,4.5304
mp-772665,2.2718
mp-10349,1.2436
mp-720853,4.7243
mp-17288,3.7837
mp-769603,1.1838
mp-680756,2.8289
mp-765567,5.6941
mp-755619,2.7261
mp-685945,1.1145
mp-735541,4.6436
mp-778460,4.241
mp-756888,4.3104
mp-768762,3.0287
mp-696986,3.4969
mp-560950,1.6095
mp-696490,5.0827
mp-17552,4.9332
mp-764415,0.515
mp-768301,5.6445
mp-638236,2.8624
mp-766173,1.3205
mp-556340,1.6122
mp-29454,1.8851
mp-978489,1.4387
mp-757094,3.7131
mp-781495,1.1591
mp-769502,2.0498
mp-766238,1.6015
mp-775944,1.4582
mp-9804,4.3941
mp-770383,2.2954
mp-18814,3.2519
mp-5440,5.612
mp-41191,3.2016
mp-754047,2.3729
mp-17020,2.6044
mp-546864,3.9678
mp-556489,2.3734
mp-16872,3.6671
mp-31110,3.6272
mp-767622,1.7415
mp-556761,4.0054
mp-985587,4.8074
mp-757723,5.8965
mp-989178,4.3381
mp-769287,2.2506
mp-19028,1.6665
mp-554063,4.4584
mp-558276,3.4458
mp-556066,4.8197
mp-780439,3.0088
mp-632759,0.2823
mp-642804,0.3629
mp-555554,4.5702
mp-755883,4.1298
mp-755881,1.8794
mp-558374,5.5665
mp-698576,0.2537
mp-760755,4.6169
mp-558198,3.8346
mp-770884,3.8079
mp-703260,3.656
mp-775918,1.2187
mp-769470,2.8497
mp-3924,1.5791
mp-771360,2.5692
mp-9785,2.0548
mp-761765,0.9324
mp-757442,1.9618
mp-41219,3.1382
mp-9158,0.3752
mp-23657,4.8999
mp-757173,3.007
mp-5915,2.7867
mp-12233,4.6602
mp-6760,4.0152
mp-773604,1.0209
mp-18925,1.9643
mp-996959,1.5361
mp-632711,1.8336
mp-9639,0.3664
mp-560521,5.8524
mp-645592,1.3408
mp-698018,4.0006
mp-4657,3.7925
mp-26299,3.8514
mp-626282,3.9738
mp-6125,2.6063
mp-556708,2.2712
mp-626295,3.7863
mp-684120,0.7108
mp-26407,4.1256
mp-754184,3.6213
mp-558628,3.9994
mp-744239,0.8803
mp-972117,3.6197
mp-505436,0.574
mp-704943,1.5501
mp-6671,2.5838
mp-12673,3.0933
mp-642398,1.8223
mp-557756,4.676
mp-16587,2.6107
mp-764896,1.3152
mp-19280,1.8697
mp-540033,0.942
mp-29081,4.0787
mp-6726,5.2743
mp-756942,2.2005
mp-27775,1.4173
mp-758115,4.0826
mp-867889,2.7032
mp-676666,2.4265
mp-753854,4.099
mp-626241,3.5707
mp-634326,3.2571
mp-554082,3.2562
mp-1819,2.0329
mp-505679,2.6503
mp-28688,2.2897
mp-14901,2.7708
mp-754109,3.801
mp-18781,2.34
mp-5416,4.2817
mp-849952,1.8531
mp-773176,2.9611
mp-560354,1.928
mp-6268,3.0454
mp-554831,5.2009
mp-24463,5.5018
mp-753445,2.9511
mp-555646,3.4075
mp-759678,1.9459
mp-864801,3.2703
mp-23690,5.6972
mp-32531,1.5746
mp-12355,3.8316
mp-24683,3.937
mp-558370,2.6225
mp-24076,3.7635
mp-776532,3.9087
mp-554719,3.4371
mp-556553,5.1758
mp-23404,3.0301
mp-560476,3.2444
mp-556918,2.2614
mp-626062,2.0423
mp-27576,4.1329
mp-779973,2.0603
mp-707940,4.4925
mp-1019786,4.2518
mp-541071,4.2159
mp-759821,3.4681
mp-771170,1.2933
mp-24657,4.9594
mp-6101,2.2806
mp-14607,1.7859
mp-767777,2.0879
mp-778858,2.161
mp-735063,5.459
mp-18634,3.0539
mp-23147,4.6098
mp-763182,1.1574
mp-776752,1.1088
mp-30890,0.5752
mp-19226,3.8276
mp-755588,2.5188
mp-774192,1.61
mp-772777,4.1479
mp-775755,1.0161
mp-555418,3.1097
mp-16855,2.9726
mp-771095,0.8473
mp-770632,1.1252
mp-775837,4.165
mp-14469,3.039
mp-625445,5.8216
mp-764513,1.6687
mp-756970,3.0567
mp-600007,5.6072
mp-780118,0.7638
mp-8341,2.3243
mp-626843,1.87
mp-5857,4.9755
mp-756424,3.1967
mp-19421,2.6113
mp-39025,1.6927
mp-757450,3.6886
mp-754991,1.4854
mp-943492,4.1085
mp-769601,1.3767
mp-625238,2.6364
mp-4753,4.8382
mp-626721,3.3498
mp-770907,2.4647
mp-23074,3.1303
mp-14292,3.6674
mp-17661,5.5876
mp-560717,0.749
mp-755530,1.665
mp-19970,1.2968
mp-707285,0.5667
mp-1020626,4.2
mp-776051,0.8073
mp-554801,2.9914
mp-554412,3.3575
mp-625657,2.1767
mp-649683,2.3833
mp-626271,3.7177
mp-28144,2.9032
mp-625928,2.5474
mp-766047,3.0182
mp-778578,2.9645
mp-778306,0.3449
mp-622198,1.7163
mp-1019783,3.7462
mp-996968,1.8194
mp-634378,5.4983
mp-645663,1.474
mp-706239,3.3303
mp-557738,1.0707
mp-849331,1.0526
mp-10299,1.9065
mp-10520,2.2827
mp-633158,3.5824
mp-553912,3.7556
mp-771853,0.7895
mp-779306,2.1904
mp-780075,1.9855
mp-19081,2.741
mp-758868,5.3035
mp-559549,1.8387
mp-28288,1.8242
mp-667379,4.2537
mp-774186,2.2968
mp-740732,0.38
mp-677192,5.2584
mp-763059,1.8888
mp-779156,1.945
mp-18827,3.0743
mp-780583,3.073
mp-753160,3.364
mp-18090,1.0798
mp-996997,0.5117
mp-779698,3.0118
mp-6270,1.8665
mp-705356,1.7397
mp-780089,1.4724
mp-776661,1.6575
mp-755868,0.4826
mp-764056,0.7924
mp-775288,0.4548
mp-754541,1.6187
mp-551905,3.2855
mp-754739,3.9062
mp-758492,2.8552
mp-557438,1.8183
mp-765601,1.9956
mp-976349,5.0672
mp-698366,4.5823
mp-19348,1.7495
mp-707227,3.6679
mp-771248,2.9922
mp-754871,0.3618
mp-554185,5.6723
mp-18902,4.8942
mp-27618,2.259
mp-3211,3.016
mp-29542,2.6553
mp-18968,3.282
mp-770151,2.3718
mp-780444,2.012
mp-757722,2.8892
mp-552588,2.4628
mp-4284,0.6037
mp-755459,0.4129
mp-19470,3.0082
mp-779434,3.4779
mp-757224,4.1911
mp-735529,3.3208
mp-753979,2.9089
mp-1019713,3.6327
mp-850995,1.5699
mp-673119,3.7475
mp-6607,4.4383
mp-768281,3.3127
mp-781078,0.9395
mp-753946,0.6706
mp-704810,2.5105
mp-761143,0.2717
mp-558243,1.9111
mp-540415,1.2335
mp-767222,1.6044
mp-542557,3.6849
mp-6535,5.2203
mp-26341,3.9591
mp-38418,2.7104
mp-766429,5.0054
mp-28971,4.0403
mp-27931,2.2261
mp-19003,2.3654
mp-625136,3.4373
mp-763336,0.0002
mp-3054,5.092
mp-23891,2.8143
mp-640057,1.6139
mp-777312,0.2645
mp-560022,1.7784
mp-24589,3.5348
mp-3828,3.9484
mp-752422,1.0432
mp-775015,0.7371
mp-762657,3.7533
mp-769494,0.9574
mp-555164,5.4052
mp-8888,2.9941
mp-754971,2.2674
mp-768931,2.0817
mp-776686,2.3929
mp-6105,0.9477
mp-768227,3.2751
mp-555212,1.8237
mp-556048,1.5314
mp-1019589,1.7791
mp-779360,1.5024
mp-555904,3.616
mp-571468,1.7244
mp-761952,4.2941
mp-541368,2.6163
mp-15786,2.3857
mp-561531,4.5957
mp-24197,0.6004
mp-722369,5.0736
mp-704198,2.3044
mp-776199,3.1127
mp-7787,2.8696
mp-776225,1.9204
mp-3857,5.2633
mp-761495,4.5274
mp-600174,3.0104
mp-560441,3.3054
mp-12642,2.8577
mp-542115,1.8689
mp-41732,1.0086
mp-24399,4.977
mp-772780,4.0112
mp-30158,2.8941
mp-772625,1.1459
mp-19043,2.0567
mp-505814,1.4583
mp-780336,1.9752
mp-559977,5.6613
mp-776283,1.4043
mp-7664,1.532
mp-686747,1.798
mp-31451,1.0123
mp-690617,0.7898
mp-849419,0.4189
mp-547792,2.6838
mp-9751,3.4072
mp-29946,2.9217
mp-16137,2.1364
mp-558206,1.7174
mp-643708,3.636
mp-704387,0.8652
mp-632815,4.7968
mp-783910,3.2434
mp-557516,3.5056
mp-19513,1.6632
mp-778224,0.9386
mp-5692,0.8749
mp-777919,1.7335
mp-762307,4.0498
mp-23995,6.2876
mp-758836,1.749
mp-12315,5.5411
mp-9427,5.2923
mp-20066,6.6402
mp-560322,2.084
mp-550820,1.3677
mp-554540,2.2249
mp-770972,0.3289
mp-561256,3.9638
mp-849572,2.533
mp-615850,2.4867
mp-740710,5.0017
mp-779590,4.0621
mp-540482,1.2408
mp-19188,1.7221
mp-676867,3.2594
mp-21283,1.6678
mp-720586,3.5643
mp-28158,3.4459
mp-774305,0.5686
mp-648893,3.3364
mp-641191,2.3209
mp-772900,3.0347
mp-769483,0.2938
mp-985701,0.8276
mp-6208,5.0002
mp-770727,2.6366
mp-30950,0.5773
mp-11982,3.2226
mp-769499,1.1604
mp-862893,1.9434
mp-753459,1.5297
mp-18889,0.9686
mp-29731,5.1843
mp-561050,4.3676
mp-775320,1.7224
mp-10417,2.1412
mp-768235,3.3159
mp-667310,5.4284
mp-548479,1.555
mp-961678,0.8694
mp-3316,2.2231
mp-646116,3.8627
mp-554423,5.689
mp-769569,0.4343
mp-773598,1.3677
mp-554669,3.4868
mp-541298,6.6561
mp-767624,1.6314
mp-772256,1.605
mp-766179,3.4775
mp-7137,4.5528
mp-541433,2.7121
mp-31746,1.9816
mp-541657,2.3691
mp-18855,2.4778
mp-27144,3.4619
mp-18267,0.429
mp-774910,1.2182
mp-603612,2.7754
mp-540038,2.4921
mp-779472,1.9946
mp-24389,5.4053
mp-541870,5.2526
mp-756494,4.2445
mp-706912,5.0781
mp-707170,0.8113
mp-545482,1.0809
mp-545788,0.6619
mp-18197,3.7169
mp-557450,1.5696
mp-695780,4.2766
mp-19474,3.4829
mp-759743,3.0918
mp-1020057,3.8908
mp-25881,4.848
mp-777195,1.4412
mp-762840,2.8049
mp-559748,3.232
mp-755595,3.0784
mp-761809,0.2174
mp-21521,1.6807
mp-623092,1.8749
mp-767576,1.2201
mp-769517,0.634
mp-21190,3.2251
mp-643788,3.312
mp-17750,2.0837
mp-768873,3.7598
mp-695043,3.7669
mp-29193,2.4198
mp-773910,3.6141
mp-18776,2.854
mp-1019723,2.8332
mp-24214,5.7363
mp-722188,4.8688
mp-23656,4.1073
mp-770154,1.0679
mp-560478,4.8161
mp-26949,4.1438
mp-556582,0.5519
mp-704944,1.5833
mp-562065,4.5836
mp-17799,4.1322
mp-996956,0.606
mp-560899,5.5915
mp-772320,2.9165
mp-752637,4.3913
mp-684017,3.3672
mp-774455,5.0024
mp-689979,1.3134
mp-16980,4.5945
mp-771191,0.5879
mp-758059,2.1217
mp-768800,5.8704
mp-555080,5.0822
mp-771365,1.1804
mp-17699,0.6668
mp-706367,5.2022
mp-754009,3.2425
mp-17836,3.873
mp-672966,0.7023
mp-555218,4.181
mp-698164,5.7999
mp-31004,2.6914
mp-504801,4.3865
mp-554033,4.5318
mp-542117,3.0782
mp-754140,4.1419
mp-743988,3.7458
mp-554518,0.3334
mp-686042,1.8634
mp-557993,1.0832
mp-561457,4.4589
mp-13836,0.429
mp-557463,3.7748
mp-650960,5.2202
mp-12022,2.0533
mp-766292,4.0304
mp-19442,1.5124
mp-767039,1.7756
mp-557614,3.7247
mp-540794,3.2445
mp-770572,3.9178
mp-770932,2.6387
mp-3347,6.0412
mp-684504,3.8819
mp-1019559,4.68
mp-28713,3.0831
mp-560623,5.593
mp-766267,4.0624
mp-759876,1.6694
mp-622558,1.8318
mp-730585,7.1301
mp-560653,4.5937
mp-581862,4.4574
mp-15865,4.2997
mp-505145,1.5236
mp-3196,3.4702
mp-754825,4.0729
mp-29489,3.558
mp-771074,0.8715
mp-778814,3.6121
mp-684090,3.6547
mp-29185,3.3912
mp-1020613,1.8405
mp-821,0.4552
mp-707129,5.3817
mp-625941,2.0206
mp-557863,1.8307
mp-557807,2.1855
mp-764595,1.2599
mp-753309,3.9646
mp-698183,4.8557
mp-675625,3.0749
mp-558351,5.5128
mp-674363,3.9398
mp-542912,2.3921
mp-644295,3.6749
mp-770559,3.6282
mp-27878,2.7038
mp-19496,2.7787
mp-764593,3.1027
mp-754152,2.6026
mp-757727,5.1246
mp-764063,0.6812
mp-531530,4.1834
mp-771194,1.8118
mp-690546,2.2498
mp-771906,1.5628
mp-752798,2.042
mp-777071,4.216
mp-14835,2.5813
mp-740752,4.0226
mp-555433,0.6948
mp-556645,3.1315
mp-23800,5.4306
mp-6537,0.3338
mp-504802,4.3729
mp-6097,4.8356
mp-768141,4.5453
mp-555682,3.0896
mp-550759,5.2286
mp-762018,3.1592
mp-761842,3.6368
mp-778973,3.339
mp-744205,2.6728
mp-23660,4.3544
mp-768103,1.9214
mp-6699,4.9274
mp-551816,1.4507
mp-3998,3.4177
mp-744527,1.1817
mp-754979,4.3752
mp-18960,2.9667
mp-561190,1.7535
mp-554888,2.2593
mp-705300,0.2219
mp-17085,5.3383
mp-27303,0.7541
mp-774223,0.5609
mp-14328,4.5706
mp-735578,2.9342
mp-12641,2.8596
mp-699459,5.3639
mp-7288,2.1135
mp-555880,2.5368
mp-743601,2.4913
mp-756656,2.2324
mp-1019719,5.2589
mp-20374,3.9968
mp-770958,0.7344
mp-555899,5.2253
mp-757282,2.448
mp-676653,4.5956
mp-27914,2.8428
mp-8216,4.4973
mp-850409,1.6946
mp-778397,3.0464
mp-12171,1.6783
mp-504752,0.098
mp-14345,4.3419
mp-764357,1.8937
mp-562667,2.1632
mp-542567,3.2715
mp-863377,2.2422
mp-19133,2.9772
mp-550805,1.5321
mp-541668,2.2393
mp-1019603,4.6544
mp-770409,3.9474
mp-19009,2.4141
mp-28883,3.841
mp-707938,5.1557
mp-776669,1.3638
mp-699248,0.9854
mp-8175,0.8868
mp-23884,4.1368
mp-17998,0.8241
mp-9660,0.5229
mp-558011,2.7656
mp-768450,3.1094
mp-3782,3.1803
mp-556647,2.5312
mp-19399,2.4343
mp-27197,3.206
mp-752949,3.3142
mp-541067,2.2563
mp-775754,0.4496
mp-1019524,4.5633
mp-768483,3.1062
mp-6099,4.9302
mp-18990,4.1578
mp-767416,0.4782
mp-754967,2.2055
mp-15541,5.1362
mp-7423,1.8171
mp-18068,1.6646
mp-769074,2.5047
mp-24362,0.5754
mp-3552,5.24
mp-735514,3.0315
mp-6211,5.2356
mp-14556,4.4709
mp-772838,3.8063
mp-758147,0.5284
mp-24121,3.599
mp-562263,2.0171
mp-10796,0.8511
mp-780579,1.2389
mp-768218,4.8642
mp-552537,2.3755
mp-31603,1.7226
mp-768670,4.4383
mp-14600,4.3887
mp-540951,5.339
mp-559560,2.9455
mp-541415,5.4879
mp-752724,3.0775
mp-850899,0.4514
mp-769500,1.1921
mp-754158,3.7522
mp-559540,4.5604
mp-5392,3.5077
mp-722280,0.295
mp-758331,2.2516
mp-19403,2.2862
mp-774228,2.1938
mp-554223,3.5749
mp-8603,1.557
mp-7980,3.3835
mp-1243,2.654
mp-672223,3.0118
mp-771957,2.6067
mp-755219,1.2117
mp-604,2.4977
mp-675300,2.862
mp-567824,4.3731
mp-769079,3.1751
mp-767606,4.3794
mp-690552,1.1296
mp-9986,1.4997
mp-24195,5.6385
mp-772550,2.3334
mp-763350,0.5655
mp-29922,3.1376
mp-781757,2.487
mp-581922,2.5856
mp-696794,3.6478
mp-558585,2.3842
mp-771075,0.7571
mp-13563,5.4835
mp-773319,0.2201
mp-672976,3.8599
mp-780171,2.8728
mp-768254,2.2214
mp-779147,5.4866
mp-779913,1.8892
mp-757590,3.4943
mp-11020,0.5864
mp-625993,2.0005
mp-557537,3.1303
mp-18730,1.5103
mp-675284,2.4408
mp-27441,1.507
mp-555821,0.6996
mp-730074,4.3526
mp-707866,3.6445
mp-17395,0.6198
mp-19138,1.5421
mp-768333,3.0295
mp-756951,2.751
mp-604459,5.115
mp-555490,3.0464
mp-556356,4.7045
mp-677520,2.459
mp-21949,2.279
mp-19300,2.8208
mp-30303,0.901
mp-4673,3.9551
mp-759925,1.4529
mp-3033,3.5455
mp-559417,4.377
mp-769532,0.0707
mp-6825,3.2076
mp-744347,2.6044
mp-697921,3.5747
mp-558861,4.1604
mp-7608,1.2456
mp-767573,4.3992
mp-714969,1.4083
mp-15317,6.4819
mp-17539,3.7426
mp-7611,4.3747
mp-780169,1.1741
mp-3370,2.9568
mp-7324,5.2636
mp-695955,5.1567
mp-755001,2.4678
mp-572526,1.9974
mp-768353,3.1726
mp-14951,2.9791
mp-720570,5.2565
mp-762295,1.9794
mp-849512,0.643
mp-704959,0.6247
mp-776424,1.1707
mp-5189,3.8932
mp-556709,4.005
mp-18911,2.1171
mp-761827,1.2115
mp-4632,5.4293
mp-23843,4.3316
mp-775916,3.2007
mp-780175,3.8516
mp-560597,3.8226
mp-19136,2.4
mp-695873,4.8258
mp-23989,0.3658
mp-775021,2.671
mp-695816,2.4151
mp-9159,0.5983
mp-721471,0.2504
mp-561473,3.8659
mp-768920,4.5219
mp-757981,2.5175
mp-556214,5.6345
mp-22450,1.0712
mp-558432,3.2872
mp-556423,4.4545
mp-867708,1.4009
mp-555785,2.7435
mp-707772,3.7522
mp-863062,3.4179
mp-556858,4.7341
mp-625145,4.1694
mp-744751,2.8948
mp-703516,2.5152
mp-769242,0.4342
mp-759329,3.635
mp-722397,5.4433
mp-9478,4.3452
mp-767873,0.6064
mp-558108,1.7307
mp-686239,3.211
mp-697008,0.7467
mp-554370,2.6385
mp-780519,1.161
mp-541094,2.4424
mp-705002,1.3475
mp-6655,5.1691
mp-756073,3.494
mp-6989,3.9277
mp-504371,4.0408
mp-770977,2.5994
mp-752459,3.0149
mp-3094,4.1526
mp-704186,3.3448
mp-28382,1.6956
mp-552729,3.002
mp-757909,5.261
mp-23609,4.4852
mp-532105,5.5581
mp-770779,1.6807
mp-764622,1.2172
mp-753721,3.3747
mp-7905,4.9768
mp-7895,1.8383
mp-756919,3.6575
mp-5985,4.0381
mp-648072,4.7413
mp-34140,1.5927
mp-530748,4.1391
mp-694952,1.1469
mp-754145,4.6812
mp-695800,3.8778
mp-581955,3.2271
mp-7800,3.7655
mp-756276,1.9766
mp-510273,2.4644
mp-684509,4.2158
mp-769485,0.9381
mp-1020122,5.5374
mp-755252,4.1726
mp-771707,2.7311
mp-13252,3.93
mp-779164,1.0628
mp-773205,1.018
mp-6568,4.7138
mp-849423,0.5221
mp-557650,4.4994
mp-764760,2.121
mp-753163,2.2587
mp-10429,4.3316
mp-530546,5.5612
mp-9157,3.2029
mp-756983,0.3317
mp-780772,3.0188
mp-1018025,2.1874
mp-29775,1.708
mp-776667,2.0265
mp-18673,3.8878
mp-7478,3.6837
mp-560233,3.9209
mp-759750,3.1627
mp-755998,2.6763
mp-504532,3.336
mp-758063,0.2809
mp-781618,0.2056
mp-772410,2.271
mp-625272,2.0603
mp-759028,3.2481
mp-763317,1.9331
mp-555065,5.9202
mp-559765,2.724
mp-7100,4.5672
mp-2097,0.6297
mp-29966,0.0146
mp-753360,3.1144
mp-764672,1.4555
mp-722316,3.7901
mp-694873,0.4091
mp-554390,3.7222
mp-775204,1.5
mp-541462,3.5575
mp-27723,1.7783
mp-707765,3.3829
mp-778815,2.9838
mp-16180,3.1257
mp-558573,3.9803
mp-559878,0.3405
mp-17599,0.7073
mp-555568,4.6288
mp-18867,3.6953
mp-3789,2.7564
mp-30530,4.6461
mp-772783,3.288
mp-703275,1.9217
mp-757504,2.6509
mp-740750,4.8057
mp-555777,1.1264
mp-781628,0.5632
mp-766607,0.4796
mp-779897,0.2507
mp-19926,4.1262
mp-23360,3.2192
mp-579086,1.7845
mp-780258,2.0012
mp-554441,2.7421
mp-505260,1.178
mp-772579,3.4936
mp-8377,2.9774
mp-695963,2.5046
mp-39419,2.5155
mp-776444,3.1523
mp-560608,1.8331
mp-778791,1.3311
mp-770349,1.6918
mp-762643,1.6632
mp-772660,1.7965
mp-766358,2.5
mp-5611,2.1163
mp-558483,2.086
mp-740736,5.0552
mp-764508,1.7315
mp-560066,3.4749
mp-772682,3.1466
mp-637188,2.0482
mp-761573,4.1004
mp-19471,1.9767
mp-985590,5.5161
mp-770745,1.5205
mp-778473,2.5259
mp-559219,4.1079
mp-581229,2.7756
mp-769520,0.3094
mp-764573,1.6712
mp-18256,5.1537
mp-555297,5.4778
mp-6076,4.3032
mp-765902,1.9126
mp-541025,4.4162
mp-13067,4.1535
mp-556341,1.3943
mp-5388,2.7291
mp-781788,2.2356
mp-706913,3.5071
mp-557071,2.3531
mp-560110,1.982
mp-759673,4.1975
mp-18422,1.852
mp-554371,5.4035
mp-19267,2.0629
mp-24354,4.2222
mp-745114,3.7564
mp-677378,2.5927
mp-19281,2.3706
mp-554014,0.2184
mp-558298,3.0459
mp-774241,2.0029
mp-554346,4.1716
mp-765277,3.3
mp-504966,0.2268
mp-698491,5.1723
mp-705588,1.1982
mp-753905,2.2484
mp-625824,3.7041
mp-17677,2.2459
mp-6236,4.564
mp-774316,0.1346
mp-4891,5.8359
mp-768556,3.5102
mp-780050,1.1979
mp-698722,0.4278
mp-1019514,5.4666
mp-764341,2.3129
mp-767740,2.3141
mp-759962,5.3482
mp-950214,3.3714
mp-755950,2.7291
mp-675835,2.3928
mp-755047,1.7137
mp-752930,1.6146
mp-699543,2.3951
mp-765036,0.533
mp-551900,1.2867
mp-552008,1.4562
mp-754269,2.7964
mp-540496,0.2111
mp-765718,2.0858
mp-977569,5.0114
mp-7831,1.8377
mp-17765,3.0669
mp-9793,1.5288
mp-8470,3.2002
mp-14058,4.9474
mp-722684,5.6589
mp-27017,3.4153
mp-6557,4.402
mp-36864,2.418
mp-29265,5.4561
mp-555717,0.2992
mp-707368,4.5052
mp-625472,3.6999
mp-677734,3.6779
mp-12221,2.2712
mp-35208,5.2925
mp-773066,3.0048
mp-706657,4.2698
mp-6860,4.9929
mp-18989,3.5235
mp-697878,0.7225
mp-556475,0.4527
mp-560799,5.7378
mp-18958,2.1828
mp-554229,2.2578
mp-765735,1.0618
mp-38099,1.5162
mp-560995,3.4466
mp-704488,2.7909
mp-27271,2.218
mp-755311,4.0586
mp-686296,3.2017
mp-850743,3.1002
mp-38975,5.1417
mp-755313,4.1629
mp-42599,2.7187
mp-984107,1.2569
mp-30245,3.5652
mp-19291,1.3885
mp-8986,0.4211
mp-754370,2.954
mp-778019,2.2358
mp-779058,0.6405
mp-8111,4.219
mp-773455,2.6054
mp-757256,3.29
mp-28788,1.8841
mp-17447,3.544
mp-707209,2.8625
mp-756146,0.6593
mp-29468,1.6613
mp-550070,0.9306
mp-762111,2.0704
mp-644003,1.2442
mp-4675,2.3243
mp-758253,4.124
mp-19369,0.6838
mp-781707,4.4852
mp-625841,3.4705
mp-505179,2.2572
mp-6252,0.229
mp-767952,0.9175
mp-755867,1.4236
mp-780432,3.7948
mp-17704,4.6072
mp-625555,3.5976
mp-8697,4.1741
mp-752451,0.5386
mp-761992,3.1661
mp-775073,0.4679
mp-754302,2.6097
mp-743860,2.7972
mp-696078,5.1034
mp-675416,3.0111
mp-505346,0.3776
mp-551092,2.3118
mp-754596,0.0037
mp-699636,1.1595
mp-683974,3.6441
mp-849748,6.4413
mp-34330,4.3566
mp-4820,4.4579
mp-560039,4.7098
mp-570875,0.6681
mp-559057,3.4505
mp-768918,1.5139
mp-550579,2.9641
mp-3810,0.7405
mp-17464,3.6032
mp-771092,0.6674
mp-850917,3.6639
mp-556584,3.7268
mp-559144,2.3916
mp-31924,1.229
mp-561125,4.9586
mp-8453,1.9907
mp-697761,1.1257
mp-760683,0.8043
mp-697540,3.4549
mp-755342,2.5876
mp-698587,1.7281
mp-704197,1.6961
mp-2789,2.8607
mp-989534,1.2238
mp-707958,4.9116
mp-554288,5.2287
mp-997588,3.5096
mp-768921,5.5123
mp-778877,2.4721
mp-12236,3.3298
mp-566278,1.3113
mp-754065,0.5483
mp-740722,3.8724
mp-755243,2.4003
mp-764941,1.5205
mp-676314,1.7773
mp-768536,1.8264
mp-626194,4.9401
mp-30247,4.1944
mp-780237,0.7739
mp-13680,5.8903
mp-765509,2.0792
mp-541867,3.0448
mp-554947,5.4179
mp-16998,2.214
mp-680387,0.6418
mp-759720,0.4083
mp-557311,3.566
mp-510625,1.6569
mp-559573,1.2937
mp-775349,1.3266
mp-768310,3.0885
mp-8208,0.3594
mp-766596,3.2753
mp-626411,2.7772
mp-28166,0.8913
mp-8774,3.6063
mp-556994,5.3836
mp-558826,7.4029
mp-753911,3.0461
mp-764344,2.9324
mp-505284,2.7441
mp-18772,2.2048
mp-541281,4.1731
mp-768280,5.4084
mp-27674,3.057
mp-720382,5.255
mp-41236,3.0799
mp-703398,0.2912
mp-6434,4.3798
mp-757002,3.8936
mp-559962,5.6815
mp-6062,5.3745
mp-556500,1.6461
mp-707838,5.3361
mp-768303,3.9164
mp-760795,4.2432
mp-776015,2.2796
mp-504593,3.2891
mp-18917,2.0167
mp-600059,5.7111
mp-768942,3.4044
mp-721287,3.2541
mp-559373,3.5774
mp-781503,0.0793
mp-556961,5.4877
mp-556137,4.4513
mp-7950,0.7684
mp-19514,1.9683
mp-555027,1.9026
mp-771669,0.5113
mp-30002,3.8721
mp-555918,2.3265
mp-556865,5.939
mp-866267,2.4155
mp-761108,2.4214
mp-4609,5.3063
mp-764789,1.0545
mp-626504,4.7625
mp-5784,2.9833
mp-675189,0.4372
mp-765640,2.3312
mp-775803,0.9376
mp-11673,3.5824
mp-7911,1.3559
mp-22968,5.4928
mp-763359,0.4848
mp-558347,4.5239
mp-754150,3.8351
mp-697268,2.8033
mp-5974,4.6519
mp-4747,2.7198
mp-772217,1.9574
mp-763225,0.2822
mp-779608,3.1069
mp-669353,2.8469
mp-555942,4.0849
mp-756721,2.2507
mp-753515,2.3861
mp-770660,1.3461
mp-4419,1.604
mp-13738,4.316
mp-763209,1.0074
mp-15182,4.2865
mp-625821,2.8006
mp-676378,2.4049
mp-558534,5.5671
mp-22430,3.3938
mp-7181,2.1109
mp-1013922,0.638
mp-8056,6.0203
mp-755546,1.9849
mp-18157,5.7993
mp-772296,2.1917
mp-714931,1.2559
mp-560303,4.7464
mp-677234,1.6566
mp-548469,2.2367
mp-780087,1.1633
mp-16032,1.693
mp-693503,2.3535
mp-532727,4.564
mp-4995,2.1517
mp-17833,0.454
mp-764642,2.4869
mp-759928,4.604
mp-557322,0.8477
mp-552292,1.3305
mp-770387,1.6174
mp-771112,1.322
mp-19201,0.4686
mp-753192,0.6568
mp-559452,4.3383
mp-19343,3.0066
mp-560739,2.6949
mp-546625,1.4371
mp-777452,2.2403
mp-676325,1.6239
mp-684119,1.4422
mp-776763,2.5978
mp-768585,3.2358
mp-17621,4.2611
mp-555421,3.961
mp-752849,1.2088
mp-775842,2.048
mp-780298,2.9848
mp-778680,0.5772
mp-572794,1.8661
mp-779428,3.7468
mp-7572,5.7425
mp-505697,3.4036
mp-752561,1.334
mp-1020193,2.9047
mp-18199,1.2878
mp-558224,3.2107
mp-600050,5.8144
mp-774315,0.8959
mp-770551,1.1131
mp-560504,3.7928
mp-555940,2.9826
mp-755804,3.0346
mp-27141,5.5769
mp-547125,1.4425
mp-18856,1.6488
mp-644492,3.4114
mp-559171,2.3814
mp-763908,0.3053
mp-754604,6.0531
mp-543034,2.6636
mp-23799,4.74
mp-769222,0.9585
mp-769554,2.4153
mp-684721,0.2589
mp-24447,0.8114
mp-24654,4.4771
mp-19093,1.6511
mp-774370,2.6426
mp-762351,2.4512
mp-769355,1.071
mp-770857,1.1554
mp-22734,2.716
mp-29698,2.0193
mp-540920,5.1324
mp-39770,4.2949
mp-626690,1.5132
mp-779773,1.8964
mp-19386,3.7148
mp-1020115,4.5433
mp-684747,1.6863
mp-561112,4.156
mp-780764,0.3499
mp-756117,2.3234
mp-776427,3.5895
mp-505177,1.9922
mp-768797,3.2686
mp-733468,4.5325
mp-755716,4.2004
mp-769284,2.2862
mp-773525,0.7977
mp-779784,2.8636
mp-557132,0.6016
mp-758007,5.4657
mp-23400,3.4261
mp-756850,3.7125
mp-769322,4.88
mp-552604,1.4316
mp-771303,2.1114
mp-6413,5.933
mp-556521,0.8484
mp-19140,1.9861
mp-677680,5.714
mp-691115,0.9979
mp-775767,0.5657
mp-31001,3.1105
mp-9515,5.7584
mp-558203,5.8698
mp-17183,4.5519
mp-28626,1.5238
mp-557420,4.8697
mp-774951,0.686
mp-640883,2.678
mp-770738,2.9313
mp-24603,5.0626
mp-780206,3.3233
mp-771713,3.0068
mp-10662,3.2934
mp-557994,5.2831
mp-677164,2.2101
mp-769635,1.3224
mp-9783,4.0707
mp-763344,1.1398
mp-754146,2.0568
mp-754712,2.943
mp-10486,1.6309
mp-850445,2.9931
mp-767393,2.2812
mp-764457,0.3161
mp-707206,3.6426
mp-470,1.9072
mp-706400,5.5979
mp-12199,1.3956
mp-770417,1.4005
mp-763790,1.0871
mp-697914,4.4353
mp-771348,1.3507
mp-572805,2.9267
mp-560058,2.5912
mp-757688,0.3304
mp-755659,4.5239
mp-770943,2.3246
mp-556771,5.0399
mp-776278,0.9256
mp-764736,1.4876
mp-780157,2.3469
mp-559360,5.6637
mp-1999,3.4139
mp-16777,5.2886
mp-541742,1.0437
mp-772566,4.7223
mp-851030,3.3721
mp-19135,1.4868
mp-560772,5.1343
mp-20980,2.4555
mp-706521,4.1031
mp-556378,3.5892
mp-761831,0.6312
mp-6592,2.131
mp-24277,3.2754
mp-639512,5.6163
mp-766855,3.5203
mp-5986,1.8298
mp-541282,4.0404
mp-779314,2.8247
mp-556047,0.5217
mp-770668,1.24
mp-9259,4.537
mp-561249,2.3053
mp-756182,3.0831
mp-996948,1.1067
mp-757586,2.73
mp-24037,2.9109
mp-600003,5.4596
mp-755340,2.3075
mp-624769,2.5398
mp-8989,1.5409
mp-23659,4.0513
mp-19311,2.0224
mp-18719,3.2783
mp-763535,0.9595
mp-755054,1.4482
mp-8133,4.8969
mp-769463,0.1525
mp-22958,4.0763
mp-31250,3.0329
mp-776589,3.8302
mp-781603,3.0329
mp-770988,0.8379
mp-781009,2.8061
mp-18942,2.7701
mp-27657,5.6522
mp-1019805,5.5005
mp-683600,2.7012
mp-530294,2.8528
mp-510128,2.5926
mp-754415,2.5817
mp-7205,3.0344
mp-996966,0.7421
mp-669414,2.7888
mp-755046,1.4856
mp-766276,0.4077
mp-752679,3.3635
mp-23882,4.1187
mp-28796,1.4284
mp-27484,0.5717
mp-780092,2.0987
mp-555392,1.8903
mp-776654,1.1583
mp-675469,3.9736
mp-19395,1.1688
mp-757203,5.6859
mp-672972,2.3453
mp-850986,0.2407
mp-27739,4.0652
mp-770508,0.4472
mp-39226,2.0965
mp-766433,1.1984
mp-685281,3.1156
mp-24538,2.0825
mp-572543,5.4729
mp-757547,3.084
mp-555508,3.5385
mp-782648,0.9556
mp-9655,2.0958
mp-723109,3.3192
mp-763729,0.8336
mp-38220,3.0358
mp-11601,4.0701
mp-1020012,2.7381
mp-774524,1.9105
mp-555314,4.4373
mp-743762,2.8699
mp-754237,4.3153
mp-13334,1.081
mp-14862,0.8595
mp-7061,0.8589
mp-554854,5.1874
mp-721249,4.7525
mp-562490,5.5872
mp-24124,4.8694
mp-758840,5.8809
mp-626467,4.0194
mp-765139,1.222
mp-559067,2.0644
mp-649619,2.0211
mp-8059,5.83
mp-15275,0.0307
mp-19123,3.9693
mp-8724,3.6075
mp-3928,4.5378
mp-770968,4.2832
mp-553907,1.5831
mp-776016,1.3316
mp-560921,2.7509
mp-769026,1.3025
mp-558805,3.7653
mp-772290,1.0933
mp-772568,1.5112
mp-554164,4.2923
mp-676991,4.7534
mp-31355,0.7724
mp-531793,4.021
mp-1020027,5.5813
mp-34322,2.8242
mp-5427,5.326
mp-561133,2.5565
mp-557072,2.4294
mp-774810,5.1867
mp-775748,0.7323
mp-780295,1.5211
mp-9755,4.1392
mp-707985,3.177
mp-505424,1.1893
mp-19479,4.0741
mp-11794,0.8588
mp-18483,3.139
mp-7251,2.8555
mp-10341,2.9719
mp-558289,1.5047
mp-766098,2.4673
mp-554869,3.3417
mp-9774,0.6776
mp-3756,4.1921
mp-757403,0.4387
mp-555914,4.8824
mp-773512,3.769
mp-756175,2.8026
mp-771055,0.3877
mp-753619,2.2833
mp-6501,3.0603
mp-850747,3.2538
mp-5052,2.4156
mp-5913,5.1722
mp-782034,2.5152
mp-19443,1.1508
mp-697853,2.5932
mp-626851,1.8555
mp-778326,0.8818
mp-39823,3.2507
mp-4555,3.316
mp-11773,3.6698
mp-6702,3.7158
mp-625788,3.9861
mp-555140,3.8453
mp-688785,3.4091
mp-768093,0.9283
mp-850922,1.8551
mp-776418,3.1175
mp-697044,1.9976
mp-768503,5.7417
mp-18449,4.0795
mp-770346,2.0372
mp-8614,3.5564
mp-764730,1.9903
mp-18933,4.3092
mp-775130,0.4985
mp-628631,1.3482
mp-8324,2.586
mp-849271,2.0109
mp-558571,2.9535
mp-17929,1.5755
mp-554758,5.7504
mp-562102,5.2195
mp-542300,5.4478
mp-756933,0.4601
mp-771083,1.305
mp-778451,1.962
mp-555021,2.7778
mp-8877,3.343
mp-18315,3.1648
mp-626835,1.9377
mp-863076,2.4174
mp-556641,5.1392
mp-24104,4.8988
mp-686722,2.3852
mp-643439,2.3653
mp-626552,4.0045
mp-23623,3.407
mp-31302,4.2352
mp-762852,5.1817
mp-7826,1.3417
mp-558879,0.5957
mp-865120,3.2191
mp-754202,5.4663
mp-744674,2.7508
mp-560544,1.6195
mp-767776,2.9532
mp-776010,0.5677
mp-6698,2.9465
mp-510076,0.7434
mp-677042,4.4486
mp-560519,4.9224
mp-14235,3.9614
mp-18343,5.3228
mp-19363,2.3376
mp-864766,5.5905
mp-555159,3.6262
mp-559065,3.1862
mp-557391,4.9808
mp-865322,0.3286
mp-505077,4.5248
mp-746364,3.0092
mp-935267,2.2975
mp-31370,3.2698
mp-559061,2.2289
mp-5127,1.5632
mp-676191,3.0254
mp-561454,1.46
mp-752443,3.3378
mp-555825,4.6001
mp-764002,1.5322
mp-780274,1.9786
mp-759734,3.5362
mp-776697,0.9746
mp-698655,3.6179
mp-554420,4.7357
mp-762623,2.8556
mp-704204,0.2652
mp-772434,1.7279
mp-10935,5.5088
mp-17605,5.3166
mp-770598,2.1075
mp-15248,1.9206
mp-3154,3.137
mp-707540,4.3816
mp-5586,4.0546
mp-753774,3.9715
mp-7973,3.4692
mp-4511,3.0797
mp-541626,2.3239
mp-553975,1.908
mp-770371,0.6493
mp-21266,4.261
mp-18640,2.4407
mp-558568,2.4868
mp-676975,1.1097
mp-540421,4.1724
mp-761090,2.7882
mp-763358,1.9978
mp-781681,1.0823
mp-769268,4.1431
mp-12185,0.6672
mp-28371,1.4102
mp-35555,4.764
mp-760417,0.9202
mp-775016,0.7367
mp-759870,2.9046
mp-27791,4.1268
mp-554951,5.136
mp-775929,1.4569
mp-560830,5.1978
mp-627993,0.2927
mp-28663,4.6791
mp-554018,5.2405
mp-558336,4.0837
mp-768041,1.9105
mp-705336,2.7782
mp-850876,2.9193
mp-675406,2.3618
mp-4138,3.2867
mp-28204,4.589
mp-584134,3.6646
mp-765193,2.8395
mp-772993,2.2459
mp-997055,0.7979
mp-4156,3.8414
mp-775752,1.502
mp-781710,1.3598
mp-600045,5.4237
mp-770852,2.0424
mp-17546,0.5857
mp-771828,4.0502
mp-772186,5.8007
mp-674999,2.2395
mp-1019808,4.8329
mp-562473,3.1282
mp-760396,2.5896
mp-626788,3.9197
mp-19323,3.0109
mp-780099,1.3708
mp-772565,1.8961
mp-1020146,5.4471
mp-10914,1.5514
mp-557266,0.5332
mp-757840,1.5953
mp-26855,3.9146
mp-698362,2.7618
mp-703461,5.6065
mp-6318,5.3246
mp-769380,2.7487
mp-764874,1.5665
mp-557953,0.6009
mp-755198,1.7368
mp-684508,2.0472
mp-510608,0.3333
mp-18784,2.9842
mp-753801,2.4125
mp-557328,2.4666
mp-867300,2.1263
mp-643036,4.2132
mp-759607,3.3817
mp-555451,1.9851
mp-23022,5.4781
mp-769147,3.8169
mp-19057,4.2264
mp-504953,2.0736
mp-31374,5.2561
mp-768747,2.3887
mp-694964,1.7946
mp-19368,3.3912
mp-775829,1.0599
mp-770699,1.0708
mp-849412,2.0484
mp-4591,2.9977
mp-28205,2.4449
mp-755776,2.531
mp-762311,3.2221
mp-510367,3.6944
mp-23743,5.1388
mp-553926,5.7974
mp-570844,0.9674
mp-773491,5.1839
mp-4769,5.7935
mp-771711,0.8476
mp-19335,1.9151
mp-772435,2.6472
mp-984716,3.5185
mp-10814,4.3689
mp-23803,3.0069
mp-760484,4.5068
mp-850954,0.6188
mp-555650,4.1926
mp-770401,3.4755
mp-24148,1.9591
mp-674537,1.7707
mp-42264,3.9504
mp-761602,0.5348
mp-759602,2.8185
mp-779153,0.2214
mp-626127,1.6936
mp-23888,4.4646
mp-23894,3.9942
mp-765093,3.4624
mp-556283,2.7322
mp-676227,2.6771
mp-771771,3.5547
mp-758527,4.634
mp-720719,5.1278
mp-642817,3.6423
mp-558951,5.3642
mp-754358,1.8656
mp-30980,4.1319
mp-559897,0.5688
mp-709350,3.2627
mp-559617,4.4146
mp-559733,2.7457
mp-849511,0.5855
mp-19346,3.4938
mp-720433,4.204
mp-560327,2.5195
mp-1020014,5.5447
mp-28641,4.8767
mp-776659,1.6614
mp-559119,1.487
mp-758221,4.9539
mp-33029,1.3594
mp-1020666,2.8539
mp-773785,2.6294
mp-573119,0.3794
mp-774189,2.9742
mp-703550,4.1993
mp-757127,3.0697
mp-541040,4.5458
mp-755495,0.256
mp-558408,0.2593
mp-614628,4.4315
mp-8564,4.1186
mp-555574,4.0275
mp-754827,0.4158
mp-10523,1.4496
mp-6037,3.6097
mp-625809,2.4787
mp-559710,2.3178
mp-764844,1.3448
mp-554599,4.2706
mp-772596,0.2638
mp-677288,1.719
mp-8759,4.0577
mp-3317,0.7366
mp-1020109,5.3167
mp-27588,6.2403
mp-6015,5.2948
mp-761156,1.8941
mp-697945,3.0111
mp-18147,4.0529
mp-754535,2.8461
mp-559875,2.2126
mp-554701,4.4149
mp-769310,2.6264
mp-26675,4.2519
mp-557933,5.5246
mp-754311,3.9436
mp-13199,1.108
mp-19086,0.5262
mp-39542,4.7841
mp-764620,1.6916
mp-560513,2.5738
mp-13068,4.0883
mp-556303,0.556
mp-772220,2.8873
mp-699482,4.2389
mp-24046,5.3109
mp-769397,4.9815
mp-30983,5.3412
mp-11623,2.7459
mp-775865,2.3698
mp-14386,3.8623
mp-541661,4.1295
mp-772040,1.8319
mp-758845,2.3702
mp-5146,1.0311
mp-779312,0.6501
mp-782035,5.0037
mp-705357,1.1988
mp-733637,3.5073
mp-776490,5.4415
mp-14316,3.476
mp-763244,1.7987
mp-4445,0.5785
mp-23025,4.1443
mp-24103,0.492
mp-4170,2.3172
mp-647557,2.8612
mp-560614,5.2604
mp-772187,3.1117
mp-19512,2.2711
mp-8065,2.7639
mp-19378,1.6956
mp-555526,2.476
mp-778010,2.0492
mp-559689,5.0538
mp-1019777,4.2027
mp-779889,3.0739
mp-15900,1.6388
mp-643776,3.0597
mp-781609,1.8604
mp-6598,0.9093
mp-730945,5.0879
mp-555131,4.1556
mp-557512,3.2994
mp-762032,2.3023
mp-752526,3.1004
mp-757388,4.9662
mp-770729,2.5833
mp-560715,2.8834
mp-556654,5.6055
mp-23909,5.1998
mp-27333,0.6129
mp-18952,0.0228
mp-780230,2.0011
mp-694955,1.8943
mp-697592,5.2496
mp-19417,2.0201
mp-555203,3.9829
mp-761656,2.8412
mp-17059,2.2255
mp-19000,1.8545
mp-560591,2.7235
mp-557351,3.4269
mp-555514,0.8102
mp-13771,2.3032
mp-558831,0.7182
mp-770872,2.4046
mp-675813,2.9398
mp-849277,1.6396
mp-555022,4.3731
mp-1019381,4.6157
mp-33940,1.1603
mp-850978,1.3036
mp-782647,1.3778
mp-18873,1.9216
mp-765573,3.7061
mp-694915,0.6681
mp-17761,3.4974
mp-752413,3.8404
mp-3311,2.1032
mp-557211,5.5536
mp-560767,3.5417
mp-27339,4.018
mp-647218,0.5972
mp-770481,2.7058
mp-706235,3.0254
mp-27275,5.1566
mp-600060,5.6832
mp-32027,3.4809
mp-16831,2.7134
mp-17769,5.8589
mp-744576,3.2611
mp-776062,3.9356
mp-754323,3.2028
mp-863430,0.658
mp-743656,3.2229
mp-554577,5.6533
mp-772835,4.3452
mp-677191,0.4875
mp-557282,1.5368
mp-559276,3.0563
mp-3967,3.396
mp-775280,1.5892
mp-626201,5.7309
mp-753879,2.3612
mp-20546,1.0524
mp-767538,1.2257
mp-780798,0.664
mp-559118,3.3837
mp-775695,0.4661
mp-772440,1.2024
mp-5478,1.1514
mp-779228,0.4642
mp-764723,1.5176
mp-776523,2.5061
mp-654139,3.1495
mp-542694,2.5279
mp-696806,4.3465
mp-5840,3.9435
mp-604964,5.0153
mp-25262,1.7179
mp-765238,2.1408
mp-541857,4.4271
mp-24193,4.3479
mp-17980,1.4117
mp-769802,3.7069
mp-32787,1.9535
mp-559378,3.5216
mp-775215,1.6327
mp-18979,2.3323
mp-766135,1.0353
mp-766572,5.0338
mp-767636,0.3914
mp-18928,1.9885
mp-755752,2.2055
mp-734123,5.3296
mp-555509,1.8178
mp-1019742,6.5469
mp-542271,5.3623
mp-23562,2.4329
mp-1020164,4.8774
mp-625465,4.188
mp-14047,2.9554
mp-772898,3.2132
mp-756632,1.2697
mp-690493,1.8226
mp-768702,2.958
mp-17164,3.0796
mp-776125,0.5729
mp-685295,1.709
mp-720254,5.8773
mp-2981,2.9347
mp-776608,2.2745
mp-9425,0.5521
mp-18258,3.5514
mp-707406,3.47
mp-4649,1.0753
mp-1020030,3.3806
mp-560158,4.2703
mp-557024,5.6788
mp-27716,1.228
mp-560420,3.7695
mp-695243,2.0231
mp-972600,1.6481
mp-758447,0.217
mp-667383,5.5139
mp-4906,3.2922
mp-720104,2.7976
mp-720718,4.9559
mp-20778,4.4671
mp-559594,1.8513
mp-757290,3.8907
mp-975958,2.2296
mp-14133,3.4625
mp-623590,2.0139
mp-759242,3.3473
mp-559783,5.1674
mp-752706,1.9395
mp-753794,4.8841
mp-556968,2.2521
mp-23883,5.8662
mp-765585,0.3714
mp-32395,3.7318
mp-755333,0.3093
mp-770647,3.2726
mp-770686,2.1221
mp-556518,1.9067
mp-758038,1.987
mp-753175,4.2029
mp-18219,2.9213
mp-561259,5.0991
mp-39140,4.0252
mp-38017,0.6714
mp-778795,2.9462
mp-753102,1.7915
mp-6468,3.1388
mp-19520,4.0969
mp-578931,0.2421
mp-29204,3.2713
mp-867656,3.6515
mp-559740,5.7101
mp-752475,2.1308
mp-554825,4.1855
mp-28588,2.8027
mp-18373,3.2813
mp-27069,4.0261
mp-771123,0.9483
mp-781684,0.4745
mp-778223,0.4256
mp-1019554,5.0076
mp-540586,1.7113
mp-721586,5.072
mp-995206,2.5732
mp-559642,4.8628
mp-754459,1.7876
mp-762287,0.5913
mp-766207,2.0774
mp-703574,5.836
mp-24438,5.196
mp-996984,0.5702
mp-754203,4.6071
mp-540111,0.4039
mp-777423,3.6318
mp-715035,0.8078
mp-27583,5.326
mp-707459,4.4395
mp-14364,3.7416
mp-770509,0.3487
mp-754808,2.4959
mp-776860,0.5905
mp-28711,1.4025
mp-8429,0.434
mp-3788,3.7508
mp-764224,2.445
mp-770495,0.6725
mp-9759,2.2925
mp-17560,2.1382
mp-540610,1.4482
mp-3376,2.6767
mp-775980,3.576
mp-28196,5.0099
mp-775735,0.927
mp-753813,5.0529
mp-561385,3.4711
mp-763114,0.0744
mp-779883,1.0237
mp-764566,1.2394
mp-776165,0.2565
mp-760402,1.0166
mp-33325,0.868
mp-12161,0.0666
mp-768663,3.2654
mp-3919,4.3597
mp-542314,1.618
mp-759873,2.2471
mp-7648,5.4245
mp-680374,4.6996
mp-765493,2.3822
mp-776439,4.6321
mp-4086,2.8482
mp-685318,2.3058
mp-9837,2.4839
mp-935811,1.4743
mp-554650,2.6422
mp-690112,0.5207
mp-765357,0.4997
mp-24118,5.5158
mp-626528,2.5186
mp-735519,3.0239
mp-754761,4.2426
mp-3098,1.8152
mp-753649,4.161
mp-546266,1.3936
mp-780119,0.4536
mp-541190,4.0063
mp-3336,3.3869
mp-17854,2.2778
mp-553432,3.421
mp-684534,2.229
mp-24761,4.6626
mp-23563,5.5652
mp-22538,2.3513
mp-757490,3.3689
mp-8961,3.4996
mp-541367,4.4071
mp-634113,2.8319
mp-6772,5.8263
mp-22955,3.7485
mp-557022,2.8513
mp-757963,4.7113
mp-770213,0.6227
mp-29943,3.541
mp-756655,2.4305
mp-622116,0.9323
mp-764722,1.5712
mp-699888,2.499
mp-754154,2.8143
mp-558340,3.2983
mp-698361,0.81
mp-559894,2.6128
mp-3051,3.4111
mp-9890,1.9511
mp-767424,0.2968
mp-723378,6.9767
mp-779890,2.7228
mp-780255,2.2855
mp-677095,2.3158
mp-8516,3.2437
mp-721171,4.9182
mp-770765,1.4516
mp-759117,3.8113
mp-775198,2.5217
mp-10970,4.5084
mp-770941,0.7771
mp-698206,0.5103
mp-42392,0.9149
mp-24574,4.4606
mp-675768,2.3429
mp-752569,4.1714
mp-760230,3.0219
mp-554805,3.4357
mp-554645,2.9909
mp-755832,2.1337
mp-4790,3.9068
mp-779846,2.6798
mp-866302,4.864
mp-676311,2.363
mp-734875,3.646
mp-560889,4.1718
mp-753327,3.3688
mp-2739,2.8949
mp-20015,2.2701
mp-649950,2.1478
mp-28150,2.6629
mp-683980,3.31
mp-707176,5.4846
mp-626620,3.3366
mp-8869,2.5784
mp-687090,3.2802
mp-673059,3.933
mp-721562,5.0485
mp-10731,3.6872
mp-771335,3.5921
mp-27968,3.8132
mp-5730,4.8171
mp-18750,1.2203
mp-770682,2.728
mp-1007694,2.6443
mp-983589,0.2927
mp-756630,5.7232
mp-673168,3.4032
mp-763464,2.9559
mp-6524,4.9366
mp-560920,5.6108
mp-8610,2.2494
mp-761254,0.3445
mp-8789,1.2356
mp-36903,2.9765
mp-294,1.8868
mp-555483,5.5941
mp-704114,2.6291
mp-779903,0.9611
mp-18502,3.7306
mp-776452,1.8279
mp-757878,1.49
mp-550893,3.912
mp-645962,4.1737
mp-625150,4.4261
mp-9702,2.0115
mp-755586,3.2419
mp-720312,4.9795
mp-3943,1.8594
mp-28744,0.7054
mp-764542,1.2877
mp-5094,0.3737
mp-24759,3.6643
mp-760411,2.089
mp-616564,1.3957
mp-27888,3.9783
mp-554015,5.6128
mp-768731,2.1464
mp-25885,0.3906
mp-707983,5.0323
mp-6169,3.0307
mp-582483,4.9453
mp-677138,4.7536
mp-4661,4.5236
mp-24992,0.7942
mp-772324,0.2486
mp-647813,3.2468
mp-581361,3.9241
mp-757100,0.714
mp-6233,0.6044
mp-756746,1.5984
mp-722245,2.3718
mp-779096,3.5119
mp-780204,1.5278
mp-863880,0.0122
mp-764401,0.8956
mp-605503,3.2839
mp-705056,1.9607
mp-3584,5.6788
mp-769542,0.2357
mp-735483,4.6221
mp-683957,1.5028
mp-23755,2.858
mp-753418,3.7718
mp-760506,3.9857
mp-944271,0.6844
mp-768887,5.247
mp-625521,4.417
mp-17633,2.9647
mp-4551,3.7808
mp-849371,0.6937
mp-667368,5.6294
mp-861906,5.0535
mp-29505,3.1348
mp-674341,2.6746
mp-6873,5.2089
mp-558317,3.4517
mp-684503,4.2059
mp-2951,1.5051
mp-559607,2.3146
mp-559150,3.991
mp-975666,4.4622
mp-773133,0.7381
mp-35799,2.9613
mp-775439,0.845
mp-690708,4.9042
mp-753954,0.6407
mp-541240,3.7837
mp-770611,2.6887
mp-760468,3.3213
mp-3439,4.079
mp-532676,2.9523
mp-753864,1.4338
mp-622491,2.0074
mp-754942,3.8312
mp-1019803,4.1426
mp-542264,0.1839
mp-781053,3.6182
mp-690560,2.8106
mp-769592,1.0321
mp-557505,2.3389
mp-559805,3.8772
mp-768479,3.3267
mp-673798,1.0273
mp-4350,3.5148
mp-19145,3.8936
mp-554863,2.3571
mp-557019,4.3166
mp-645159,1.5692
mp-704189,1.1712
mp-28503,3.3843
mp-676456,3.5072
mp-9607,2.0701
mp-774362,2.6097
mp-757551,0.2524
mp-19052,3.6402
mp-706273,3.464
mp-625274,1.8682
mp-556118,2.1892
mp-554847,2.2525
mp-686697,2.016
mp-779552,2.6398
mp-849779,3.9631
mp-765719,0.3835
mp-769610,3.2828
mp-776213,2.0237
mp-675324,4.0966
mp-19225,1.1648
mp-760509,1.1457
mp-1019718,5.4194
mp-556120,1.9891
mp-19430,2.4666
mp-770642,1.677
mp-626103,4.9229
mp-540093,1.0987
mp-558387,4.2002
mp-560833,2.816
mp-756914,5.6699
mp-17709,3.1344
mp-504354,5.1179
mp-18661,5.3623
mp-698292,2.971
mp-542697,0.5315
mp-734394,5.2367
mp-775205,4.1759
mp-9405,3.9751
mp-673126,4.3892
mp-554107,2.9935
mp-769391,3.1559
mp-6304,1.3078
mp-18019,5.0177
mp-559304,3.0031
mp-709021,3.0706
mp-7471,1.8604
mp-764945,0.3324
mp-780865,0.9765
mp-4602,2.8231
mp-764345,2.9055
mp-757001,4.0571
mp-11606,1.0606
mp-997086,0.7428
mp-18111,3.8773
mp-6019,3.1996
mp-773494,4.9117
mp-770690,0.5374
mp-770530,2.5939
mp-566301,3.1736
mp-707720,4.8406
mp-1788,1.426
mp-1019591,2.0124
mp-559129,3.1147
mp-17829,2.0589
mp-25418,2.8245
mp-654225,2.1843
mp-744148,2.8971
mp-6507,3.3387
mp-6812,4.9556
mp-17196,2.7103
mp-770771,3.4364
mp-26585,3.5194
mp-775867,1.5773
mp-560278,5.5138
mp-761944,0.2015
mp-36234,0.9194
mp-768175,2.9753
mp-768776,3.5992
mp-780489,0.2369
mp-8196,1.7613
mp-559583,3.2831
mp-543042,4.8638
mp-626317,3.7838
mp-772125,3.0212
mp-1019894,4.1377
mp-7087,5.3696
mp-776083,2.3785
mp-777779,0.3892
mp-669333,4.5042
mp-722686,5.5053
mp-760502,5.3125
mp-772586,2.4501
mp-674297,2.5717
mp-28549,4.4497
mp-849364,1.2564
mp-754453,0.5629
mp-775843,1.685
mp-8323,2.1701
mp-774567,3.2959
mp-775830,3.1797
mp-557746,4.0927
mp-735586,2.2587
mp-26725,2.5567
mp-693753,4.8172
mp-675701,1.1428
mp-770961,0.6775
mp-8184,3.1241
mp-17672,5.672
mp-775252,3.0354
mp-13772,4.7083
mp-755864,0.2065
mp-8878,6.3781
mp-767960,1.5721
mp-23807,6.0892
mp-768094,1.7098
mp-771189,2.1187
mp-722267,3.5448
mp-16585,2.5834
mp-680180,4.1344
mp-9059,4.4134
mp-760515,2.4592
mp-17189,0.0498
mp-32352,0.9367
mp-7461,1.9921
mp-851033,2.0078
mp-558553,2.0169
mp-32383,4.1119
mp-755831,1.3811
mp-4497,4.9235
mp-776018,1.7367
mp-29680,2.7999
mp-1019516,1.1839
mp-768592,1.831
mp-695214,2.3787
mp-686077,2.369
mp-12337,0.5493
mp-754191,2.2285
mp-760676,0.4217
mp-772627,3.9249
mp-555606,4.0248
mp-769511,3.0706
mp-706655,4.566
mp-775988,2.2995
mp-625111,1.6033
mp-768147,4.9885
mp-608014,3.3341
mp-763324,0.2811
mp-770885,2.2955
mp-626794,1.8011
mp-557531,3.8558
mp-560260,4.3716
mp-774317,2.4021
mp-1013898,1.1762
mp-26261,0.8251
mp-1019546,4.8123
mp-6167,2.9943
mp-703470,4.3866
mp-722780,5.6607
mp-850868,4.5789
mp-776756,2.258
mp-553930,2.7033
mp-601241,4.5914
mp-761825,1.3946
mp-781634,3.8816
mp-542041,5.4212
mp-779891,2.6056
mp-19107,1.9029
mp-706979,4.6826
mp-767720,1.9011
mp-555692,3.2646
mp-12637,2.856
mp-642661,5.053
mp-677649,2.0779
mp-697974,5.4085
mp-7477,3.6779
mp-38843,2.0982
mp-773982,1.7749
mp-561157,4.4422
mp-706231,0.5036
mp-18334,3.6244
mp-763342,1.0137
mp-18542,2.3698
mp-13055,3.6024
mp-8352,5.4671
mp-3288,2.3904
mp-721650,0.6776
mp-770953,1.7507
mp-694994,1.1317
mp-679928,3.4083
mp-4886,2.6131
mp-504997,1.6069
mp-766881,2.3497
mp-17350,2.974
mp-754240,4.051
mp-558862,4.3844
mp-778734,1.6764
mp-6745,4.2814
mp-769575,2.9488
mp-22869,1.2097
mp-775656,0.5386
mp-770128,3.333
mp-21767,2.6294
mp-756014,3.0638
mp-763328,0.5046
mp-770676,2.8598
mp-734042,3.5073
mp-560310,4.6921
mp-6566,2.7868
mp-995226,6.0347
mp-755895,3.03
mp-27684,1.1952
mp-752424,3.6342
mp-771912,2.2057
mp-17909,5.7313
mp-31289,2.6498
mp-705743,2.1583
mp-759498,3.7262
mp-777667,1.6295
mp-707469,3.8886
mp-849223,1.4546
mp-706995,2.6897
mp-558958,5.4556
mp-27358,3.0247
mp-771045,4.0614
mp-694917,0.5367
mp-761449,0.6236
mp-757666,5.1441
mp-849671,0.2365
mp-1019778,5.5903
mp-22329,0.5585
mp-6255,4.1026
mp-720082,2.8153
mp-697840,1.7676
mp-557104,5.4112
mp-540391,1.1062
mp-1019527,4.5196
mp-761010,2.5895
mp-20210,1.53
mp-1020724,4.7512
mp-706504,3.7382
mp-626143,4.1941
mp-556364,5.1307
mp-16970,4.4292
mp-15511,2.0348
mp-771025,2.1619
mp-755287,2.5352
mp-775939,2.5301
mp-5072,2.03
mp-560326,3.3823
mp-555477,0.7214
mp-733877,5.2196
mp-758658,4.8122
mp-774379,0.8696
mp-6644,0.329
mp-12490,1.5468
mp-757218,1.681
mp-542289,2.5913
mp-558808,4.9282
mp-626287,3.3566
mp-849732,1.3328
mp-757874,3.0412
mp-6246,5.1654
mp-542512,0.4899
mp-510018,0.544
mp-772403,0.9857
mp-762501,3.4994
mp-770844,1.7589
mp-755216,2.5877
mp-557092,4.5405
mp-772297,1.1667
mp-554151,5.7147
mp-677550,2.194
mp-13056,3.6566
mp-559764,4.3828
mp-764500,3.0247
mp-767752,0.6455
mp-554363,2.968
mp-557915,5.4709
mp-555903,3.3467
mp-695815,5.9704
mp-757911,4.4096
mp-773599,0.9059
mp-755121,1.7449
mp-554280,4.5784
mp-779062,1.122
mp-559407,2.9139
mp-23494,2.3865
mp-694629,1.1988
mp-16035,1.1192
mp-721053,1.7521
mp-768320,1.9309
mp-605166,3.1224
mp-673098,4.8044
mp-16964,5.6815
mp-545500,2.9344
mp-753353,1.0404
mp-763190,0.8651
mp-770612,2.5111
mp-756180,4.1255
mp-559759,4.7004
mp-754625,1.0806
mp-720379,4.5405
mp-626449,5.8131
mp-779364,1.4462
mp-684093,4.7433
mp-942702,3.9079
mp-684106,3.9954
mp-1019891,4.1859
mp-6426,3.7692
mp-772628,2.2652
mp-776041,2.08
mp-22569,2.735
mp-4200,4.4951
mp-849524,2.4462
mp-759798,2.9247
mp-643896,4.403
mp-19315,1.9449
mp-559627,4.6984
mp-557115,3.9487
mp-1056,3.912
mp-19332,0.9697
mp-560656,2.9164
mp-768866,0.3553
mp-771342,2.9668
mp-19342,1.356
mp-2472,3.4487
mp-557881,5.5233
mp-4471,4.5931
mp-29467,3.4478
mp-9138,5.1031
mp-697305,2.3028
mp-761021,0.4355
mp-600049,5.6466
mp-780879,3.4445
mp-769261,2.395
mp-9760,2.1174
mp-23996,5.587
mp-18220,5.0581
mp-625159,4.888
mp-558660,3.623
mp-769469,0.6371
mp-626506,2.802
mp-744574,2.3331
mp-733598,2.7728
mp-648140,2.5929
mp-18705,2.1439
mp-18582,3.487
mp-18293,5.4653
mp-752538,2.2088
mp-778793,0.9779
mp-600067,5.74
mp-849672,0.4425
mp-757310,4.9663
mp-18037,2.7779
mp-560620,3.8363
mp-735531,3.9653
mp-771008,2.4718
mp-690771,5.1396
mp-753226,2.6369
mp-781622,4.3411
mp-17279,5.7239
mp-780370,4.1378
mp-504769,0.6851
mp-559985,5.3424
mp-16597,3.7375
mp-554903,4.4159
mp-763992,0.8309
mp-2874,2.7065
mp-15004,4.4546
mp-764554,1.3078
mp-3611,3.3635
mp-11016,2.3512
mp-19282,3.4564
